Unique Key,Source,County,Cause Number,Item Number,Link,Auction Date,Status,Min Bid,Adjusted Value,Property Address,Account Number,Legal Description,Owner Name,Buyer Name,Sold Amount,Winning Bid,Sale Date,Last Updated,Zillow,Realtor,Satellite View,Appraisal District,Interactive Map,Improvement Homesite Value,Improvement Non-Homesite,Land Homesite Value,Land Non-Homesite Value,Ag Market Valuation
MVBA_PANOLA_21969,MVBA,PANOLA,2025-067,1,https://mvbalaw.com/wp-content/TaxUploads/1126_Panola.pdf,November 2026,Pending,"$7,465.94",,,21969,"1.259 Acre, more or less, out of the J. Watson Survey, Abstract 737, Panola County, Texas (Volume 1406, Page 155, Deed Records, Panola County, Texas)",Andre Foster Ellis et al,,,,,2026-10-09 00:33,,,,,,,,,,
MVBA_PANOLA_28543,MVBA,PANOLA,2025-123,2,https://mvbalaw.com/wp-content/TaxUploads/1126_Panola.pdf,November 2026,Pending,"$20,912.89",,,28543,"7.641 Acres, more or less, out of the J. E. Myrick Survey, Abstract 444, Panola County, Texas (Partition Tract No. 7, Volume 1576, Page 220, Deed Records, Panola County, Texas) --","L. C. Cox, Jr. et al",,,,,2026-10-09 00:33,,,,,,,,,,
MVBA_PANOLA_14265,MVBA,PANOLA,2022-074,3,https://mvbalaw.com/wp-content/TaxUploads/1126_Panola.pdf,November 2026,Pending,"$4,227.50",,,14265,"1.00 Acre, more or less, out of the B Anderson Survey, Abstract 24, Panola County, Texas (Volume 653, Page 684, Deed Records, Panola County, Texas)","Ida Bell Smith, et al",,,,,2026-10-09 00:33,,,,,,,,,,
MVBA_PANOLA_10710,MVBA,PANOLA,2023-338,4,https://mvbalaw.com/wp-content/TaxUploads/1126_Panola.pdf,November 2026,Pending,$870.50,,,10710,"An undivided 1/2 interest in 12.50 Acres, more or less, out of the W LACY Survey, AB 404, Panola County, Texas (Vol 126, Page 398, Deed Records of Panola County, Texas)","Bernie Douglas, Et Al",,,,,2026-10-09 00:33,,,,,,,,,,
MVBA_PANOLA_13546/42899,MVBA,PANOLA,2024-089,5,https://mvbalaw.com/wp-content/TaxUploads/1126_Panola.pdf,November 2026,Pending,"$4,492.50",,,13546/42899,"All of the Undivided interest belonging to Lee Roy Horn in 41.73 Acres, more or less, out of the J. Asher Survey, Abstract 5, assessed on the tax roll as an 83.33% interest in 22.63 Acres, Panola County, Texas (Block 4, Volume 546, Page 417, Deed Records, Panola County, Texas)",Elisha Sanders et al,,,,,2026-10-09 00:33,,,,,,,,,,
MVBA_PANOLA_7978,MVBA,PANOLA,2024-116,6,https://mvbalaw.com/wp-content/TaxUploads/1126_Panola.pdf,November 2026,Pending,"$3,915.00",,,7978,"7.006 Acres, more or less, out of the B. Jordan Survey, Abstract 348 & out of the J. Womack Survey, Abstract 703, Panola County, Texas (Volume 749, Page 258 SAVE & EXCEPT that property more particularly described in Volume 1229, Page 284, Deed Records, Panola County, Texas)","Buddy Hobson Jackson, Jr",,,,,2026-10-09 00:33,,,,,,,,,,
MVBA_PANOLA_33726,MVBA,PANOLA,2024-119,7,https://mvbalaw.com/wp-content/TaxUploads/1126_Panola.pdf,November 2026,Pending,"$1,145.00",,,33726,"2.059 Acres, more or less, out of the B. Lovelle Survey, Abstract 400, Panola County, Texas (Volume 1692, Page 358, Deed Records, Panola County, Texas)","Richard Wright, Jr",,,,,2026-10-09 00:33,,,,,,,,,,
MVBA_PANOLA_16192,MVBA,PANOLA,2025-068,8,https://mvbalaw.com/wp-content/TaxUploads/1126_Panola.pdf,November 2026,Pending,"$1,597.50",,,16192,"0.881 Acre, more or less, out of the J. Reel Survey, Abstract 564, Panola County, Texas (Volume 1069, Page 37, Deed Records, Panola County, Texas)",Joseph Giseburt et al,,,,,2026-10-09 00:33,,,,,,,,,,
MVBA_PANOLA_27028/700000030062,MVBA,PANOLA,2025-136,9,https://mvbalaw.com/wp-content/TaxUploads/1126_Panola.pdf,November 2026,Pending,$200.00,,,27028/700000030062,"Lots 16 & 17, Block 2, Pruitt Addition, Panola County, Texas (Volume 963, Page 561, Deed Records, Panola County, Texas) --",Verna Havens,,,,,2026-10-09 00:33,,,,,,,,,,
MVBA_BELL_44517,MVBA,BELL,21DCV325695,1,https://mvbalaw.com/wp-content/TaxUploads/1126_Bell.pdf,November 2026,Pending,"$8,500.00",,"601 S Beal St, Belton, Texas 76513-3546",44517,"The North one-half of Lot 2, Block 5, Lee Addition, City of Belton, Bell County, Texas (Volume 3113, Page 388, Deed Records, Bell County, Texas), 601 S Beal St, Belton, Texas 76513-3546;",Jose Luis Guzman,,,,,2026-10-09 00:32,https://www.zillow.com/homes/601%20S%20Beal%20St%2C%20Belton%2C%20Texas%2076513-3546_rb/,,https://www.google.com/maps?q=601%20S%20Beal%20St%2C%20Belton%2C%20Texas%2076513-3546&t=k,,,,,,,
MVBA_BELL_63690,MVBA,BELL,21DCV325697,2,https://mvbalaw.com/wp-content/TaxUploads/1126_Bell.pdf,November 2026,Pending,"$3,500.00",,"702 S 16th St, Temple, Texas 76501-6031",63690,"Lot 6, Block 2, Bon Ton Addition, City of Temple, Bell County, Texas (Volume 2882, Page 556, Deed Records, Bell County, Texas), 702 S 16th St, Temple, Texas 76501-6031;",Augustin Ledezma,,,,,2026-10-09 00:32,https://www.zillow.com/homes/702%20S%2016th%20St%2C%20Temple%2C%20Texas%2076501-6031_rb/,,https://www.google.com/maps?q=702%20S%2016th%20St%2C%20Temple%2C%20Texas%2076501-6031&t=k,,,,,,,
MVBA_BELL_101201,MVBA,BELL,21DCV325834,3,https://mvbalaw.com/wp-content/TaxUploads/1126_Bell.pdf,November 2026,Pending,"$3,500.00",,"15939 Crockett Dr, Bell County, Texas",101201,"Lot 107, Tanglewood Subdivision, Bell County, Texas (Volume 3715, Page 116, Deed Records, Bell County, Texas), 15939 Crockett Dr, Bell County, Texas;",Tim Rosser,,,,,2026-10-09 00:32,https://www.zillow.com/homes/15939%20Crockett%20Dr%2C%20Bell%20County%2C%20Texas_rb/,,https://www.google.com/maps?q=15939%20Crockett%20Dr%2C%20Bell%20County%2C%20Texas&t=k,,,,,,,
MVBA_BELL_19824,MVBA,BELL,22DCV330026,4,https://mvbalaw.com/wp-content/TaxUploads/1126_Bell.pdf,November 2026,Pending,"$5,000.00",,"Prickley Pear Lane, Belton, Texas",19824,"0.43 Acre, more or less, out of the David Compton Survey, Abstract 210, Bell County, Texas (Volume 1455, Page 852, Deed Records, Bell County, Texas), Prickley Pear Lane, Belton, Texas;",Terry V. Chiles,,,,,2026-10-09 00:32,https://www.zillow.com/homes/Prickley%20Pear%20Lane%2C%20Belton%2C%20Texas_rb/,,https://www.google.com/maps?q=Prickley%20Pear%20Lane%2C%20Belton%2C%20Texas&t=k,,,,,,,
MVBA_BELL_2717,MVBA,BELL,22DCV330042,5,https://mvbalaw.com/wp-content/TaxUploads/1126_Bell.pdf,November 2026,Pending,"$2,000.00",,"516 N 16th St, Killeen, Texas",2717,"The North 60 Feet of the West 106 Feet of Lot 4, Block 6, Harbour Addition, City of Killeen, Bell County, Texas (A part of that in Volume 2103, Page 163, Deed Records, Bell County, Texas, being the North 60 Feet of the West 106 Feet of Lot 4, Block 6, Harbour Addition, City of Killeen, Bell County, ",Frank Anderson,,,,,2026-10-09 00:32,https://www.zillow.com/homes/516%20N%2016th%20St%2C%20Killeen%2C%20Texas_rb/,,https://www.google.com/maps?q=516%20N%2016th%20St%2C%20Killeen%2C%20Texas&t=k,,,,,,,
MVBA_BELL_81438,MVBA,BELL,22DCV333051,6,https://mvbalaw.com/wp-content/TaxUploads/1126_Bell.pdf,November 2026,Pending,"$3,000.00",,5340 Breaker Circle,81438,"Lot 380, Block 1, Lakeaire Subdivision, Section Two, Bell County, Texas (Tract 1 in Volume 1758, Page 7 AND Tract 1 in Volume 1769, Page 503, Deed Records, Bell County, Texas), 5340 Breaker Circle","Carolyn M. Knowles, et al",,,,,2026-10-09 00:32,https://www.zillow.com/homes/5340%20Breaker%20Circle_rb/,,https://www.google.com/maps?q=5340%20Breaker%20Circle&t=k,,,,,,,
MVBA_BELL_106368,MVBA,BELL,22DCV333767,7,https://mvbalaw.com/wp-content/TaxUploads/1126_Bell.pdf,November 2026,Pending,"$2,500.00",,"107 E Ball Rd, Harker Heights, Texas",106368,"Lot 9, Block 5, Valley View, First Extension, City of Harker Heights, Bell County, Texas (Volume 2884, Pages 248, 252 and 266, Deed Records and Document #2010-00025696, 2012-00035316 and 2014-00035814 of the Official Public Records and Probate Cause No. 17,980, Bell County, Texas), 107 E Ball Rd, Ha",Edwin D. Silveria,,,,,2026-10-09 00:32,https://www.zillow.com/homes/107%20E%20Ball%20Rd%2C%20Harker%20Heights%2C%20Texas_rb/,,https://www.google.com/maps?q=107%20E%20Ball%20Rd%2C%20Harker%20Heights%2C%20Texas&t=k,,,,,,,
MVBA_BELL_26651,MVBA,BELL,22DCV333775,8,https://mvbalaw.com/wp-content/TaxUploads/1126_Bell.pdf,November 2026,Pending,"$2,000.00",,"35 Stirrup Dr, Morgan's Point Resort City, Texas",26651,"Lot 2, Block 46, Section 15, Morgan's Point Resort City Subdivision, City of Morgan's Point Resort, Bell County, Texas (Volume 1291, Page 237, Deed Records, Bell County, Texas), 35 Stirrup Dr, Morgan's Point Resort City, Texas;",Gerry Medcalf,,,,,2026-10-09 00:32,https://www.zillow.com/homes/35%20Stirrup%20Dr%2C%20Morgan%27s%20Point%20Resort%20City%2C%20Texas_rb/,,https://www.google.com/maps?q=35%20Stirrup%20Dr%2C%20Morgan%27s%20Point%20Resort%20City%2C%20Texas&t=k,,,,,,,
MVBA_BELL_107531,MVBA,BELL,22DCV334589,9,https://mvbalaw.com/wp-content/TaxUploads/1126_Bell.pdf,November 2026,Pending,"$9,000.00",,7429 Sparta Rd,107531,"0.50 Acre, more or less, out of the W. L. Norvelle Survey, Abstract 627, Bell County, Texas (Volume 1273, Page 621, Volume 1628, Page 497, and Volume 5197, Page 111 of the Deed Records and Document #2018- 00022751 Official Public Records, Bell County, Texas), 7429 Sparta Rd",Bobbie J. Potter,,,,,2026-10-09 00:32,https://www.zillow.com/homes/7429%20Sparta%20Rd_rb/,,https://www.google.com/maps?q=7429%20Sparta%20Rd&t=k,,,,,,,
MVBA_BELL_113222,MVBA,BELL,23DCV340375,10,https://mvbalaw.com/wp-content/TaxUploads/1126_Bell.pdf,November 2026,Pending,"$2,500.00",,"52 Antler Trl, Morgan's Point Resort, Texas",113222,"East half of Lot 3, Block 2, Morgan's Point Resort City Subdivision, Section 10A, City of Morgan's Point Resort, Bell County, Texas (Volume 1524, Page 9 SAVE AND EXCEPT Volume 1524, Page 13, Deed Records, Bell County, Texas), 52 Antler Trl, Morgan's Point Resort, Texas",Summit Sunrise Building Corp,,,,,2026-10-09 00:32,https://www.zillow.com/homes/52%20Antler%20Trl%2C%20Morgan%27s%20Point%20Resort%2C%20Texas_rb/,,https://www.google.com/maps?q=52%20Antler%20Trl%2C%20Morgan%27s%20Point%20Resort%2C%20Texas&t=k,,,,,,,
MVBA_BELL_12729,MVBA,BELL,23DCV340952,11,https://mvbalaw.com/wp-content/TaxUploads/1126_Bell.pdf,November 2026,Pending,"$4,000.00",,"5009 Comanche Dr, Temple, Texas",12729,"Lot 493, Unit 1, Tanglewood Subdivision, Bell County, Texas (Volume 2012, Page 48, Deed Records, Bell County, Texas), 5009 Comanche Dr, Temple, Texas;",J. L. Bratton,,,,,2026-10-09 00:32,https://www.zillow.com/homes/5009%20Comanche%20Dr%2C%20Temple%2C%20Texas_rb/,,https://www.google.com/maps?q=5009%20Comanche%20Dr%2C%20Temple%2C%20Texas&t=k,,,,,,,
MVBA_BELL_33659,MVBA,BELL,23DCV341979,12,https://mvbalaw.com/wp-content/TaxUploads/1126_Bell.pdf,November 2026,Pending,"$5,500.00",,"2729 Teak Wood Ln, Belton, Texas",33659,"Lot 332, Sherwood Shores VII, Pecan Grove Section, Bell County, Texas (Document #2007-40064, Official Public Records, Bell County, Texas), 2729 Teak Wood Ln, Belton, Texas;",Frankie Lee,,,,,2026-10-09 00:32,https://www.zillow.com/homes/2729%20Teak%20Wood%20Ln%2C%20Belton%2C%20Texas_rb/,,https://www.google.com/maps?q=2729%20Teak%20Wood%20Ln%2C%20Belton%2C%20Texas&t=k,,,,,,,
MVBA_BELL_105238,MVBA,BELL,23DCV343213,13,https://mvbalaw.com/wp-content/TaxUploads/1126_Bell.pdf,November 2026,Pending,"$2,000.00",,"5 Shetland Dr, Morgan's Point Resort, Texas",105238,"Lot 10, Block 1, Morgan's Point Resort City Subdivision, Section 24, City of Morgan's Point Resort, Bell County, Texas (Volume 2040, Page 3, Deed Records, Bell County, Texas), 5 Shetland Dr, Morgan's Point Resort, Texas;",Charleen Shaw,,,,,2026-10-09 00:32,https://www.zillow.com/homes/5%20Shetland%20Dr%2C%20Morgan%27s%20Point%20Resort%2C%20Texas_rb/,,https://www.google.com/maps?q=5%20Shetland%20Dr%2C%20Morgan%27s%20Point%20Resort%2C%20Texas&t=k,,,,,,,
MVBA_BELL_17086,MVBA,BELL,23DCV343217,14,https://mvbalaw.com/wp-content/TaxUploads/1126_Bell.pdf,November 2026,Pending,"$3,500.00",,"12 Mallard Ln, Morgan's Point Resort, Texas",17086,"Part of Lot 12, Block 2, Morgan's Point Resort City Subdivision, Section 10-A, City of Morgan's Point Resort, Bell County, Texas (Volume 1097, Page 648, Deed Records, Bell County, Texas), 12 Mallard Ln, Morgan's Point Resort, Texas;",Ronald W. Caperton,,,,,2026-10-09 00:32,https://www.zillow.com/homes/12%20Mallard%20Ln%2C%20Morgan%27s%20Point%20Resort%2C%20Texas_rb/,,https://www.google.com/maps?q=12%20Mallard%20Ln%2C%20Morgan%27s%20Point%20Resort%2C%20Texas&t=k,,,,,,,
MVBA_BELL_81608,MVBA,BELL,23DCV343391,15,https://mvbalaw.com/wp-content/TaxUploads/1126_Bell.pdf,November 2026,Pending,"$3,000.00",,"13221 Capstan Dr, Temple, Texas",81608,"Lot 226, Block 1, Lakeaire Section Two, Bell County, Texas (Volume 1763, Page 49, Deed Records, Bell County, Texas), 13221 Capstan Dr, Temple, Texas;",Linda Packard,,,,,2026-10-09 00:32,https://www.zillow.com/homes/13221%20Capstan%20Dr%2C%20Temple%2C%20Texas_rb/,,https://www.google.com/maps?q=13221%20Capstan%20Dr%2C%20Temple%2C%20Texas&t=k,,,,,,,
MVBA_BELL_75881,MVBA,BELL,24DCV343750,16,https://mvbalaw.com/wp-content/TaxUploads/1126_Bell.pdf,November 2026,Pending,"$2,000.00",,"49 Buena Vista Dr, Morgan's Point Resort, Texas",75881,"Lot 1, Block 24, Morgan's Point Resort City Subdivision, Section 15, City of Morgan's Point Resort, Bell County, Texas (Volume 1477, Page 121, Deed Records, Bell County, Texas), 49 Buena Vista Dr, Morgan's Point Resort, Texas;",Fred S. Moore,,,,,2026-10-09 00:32,https://www.zillow.com/homes/49%20Buena%20Vista%20Dr%2C%20Morgan%27s%20Point%20Resort%2C%20Texas_rb/,,https://www.google.com/maps?q=49%20Buena%20Vista%20Dr%2C%20Morgan%27s%20Point%20Resort%2C%20Texas&t=k,,,,,,,
MVBA_BELL_94434,MVBA,BELL,24DCV343751,17,https://mvbalaw.com/wp-content/TaxUploads/1126_Bell.pdf,November 2026,Pending,"$1,500.00",,"3893 Stillhouse Dr, Belton, Texas",94434,"Lot 53, Sherwood Shores, Section I, Bell County, Texas (Volume 1061, Page 27, Deed Records, Bell County, Texas), 3893 Stillhouse Dr, Belton, Texas;","Clarence R. Porter, Jr",,,,,2026-10-09 00:32,https://www.zillow.com/homes/3893%20Stillhouse%20Dr%2C%20Belton%2C%20Texas_rb/,,https://www.google.com/maps?q=3893%20Stillhouse%20Dr%2C%20Belton%2C%20Texas&t=k,,,,,,,
MVBA_BELL_14906,MVBA,BELL,24DCV343753,18,https://mvbalaw.com/wp-content/TaxUploads/1126_Bell.pdf,November 2026,Pending,"$4,500.00",,"5243 Comanche Dr, Temple, Texas",14906,"Lot 158, Block 1, Tanglewood, Bell County, Texas (Document #2011- 00037874, Official Public Records, Bell County, Texas), 5243 Comanche Dr, Temple, Texas;","William Hibbs, Jr",,,,,2026-10-09 00:32,https://www.zillow.com/homes/5243%20Comanche%20Dr%2C%20Temple%2C%20Texas_rb/,,https://www.google.com/maps?q=5243%20Comanche%20Dr%2C%20Temple%2C%20Texas&t=k,,,,,,,
MVBA_BELL_46264,MVBA,BELL,24DCV343887,19,https://mvbalaw.com/wp-content/TaxUploads/1126_Bell.pdf,November 2026,Pending,"$2,500.00",,"4067 Sherwood Dr, Belton, Texas",46264,"Lot 335, Sherwood Shores VIII, Hood Section, Bell County, Texas (Volume 1209, Page 369, Deed Records, Bell County, Texas), 4067 Sherwood Dr, Belton, Texas;","John Woodson Harrell, Jr",,,,,2026-10-09 00:32,https://www.zillow.com/homes/4067%20Sherwood%20Dr%2C%20Belton%2C%20Texas_rb/,,https://www.google.com/maps?q=4067%20Sherwood%20Dr%2C%20Belton%2C%20Texas&t=k,,,,,,,
MVBA_BELL_74371,MVBA,BELL,24DCV343888,20,https://mvbalaw.com/wp-content/TaxUploads/1126_Bell.pdf,November 2026,Pending,"$2,500.00",,"10 S Cliffwood Dr, Morgan's Point Resort, Texas",74371,"Lot 12, Block 11, Morgan's Point Resort City Subdivision, Section 8A, City of Morgan's Point Resort, Bell County, Texas (Volume 1787, Page 465, Deed Records, Bell County, Texas), 10 S Cliffwood Dr, Morgan's Point Resort, Texas;",James R. Miller,,,,,2026-10-09 00:32,https://www.zillow.com/homes/10%20S%20Cliffwood%20Dr%2C%20Morgan%27s%20Point%20Resort%2C%20Texas_rb/,,https://www.google.com/maps?q=10%20S%20Cliffwood%20Dr%2C%20Morgan%27s%20Point%20Resort%2C%20Texas&t=k,,,,,,,
MVBA_BELL_30782,MVBA,BELL,24DCV343909,21,https://mvbalaw.com/wp-content/TaxUploads/1126_Bell.pdf,November 2026,Pending,"$2,000.00",,"Antler Trl, Morgan's Point Resort, Texas",30782,"Lot 12, Block 1, Morgan's Point Resort City Subdivision, Section 10, City of Morgan's Point Resort, Bell County, Texas (Volume 1321, Page 503, Deed Records, Bell County, Texas), Antler Trl, Morgan's Point Resort, Texas;",Alwin H. Dudley,,,,,2026-10-09 00:32,https://www.zillow.com/homes/Antler%20Trl%2C%20Morgan%27s%20Point%20Resort%2C%20Texas_rb/,,https://www.google.com/maps?q=Antler%20Trl%2C%20Morgan%27s%20Point%20Resort%2C%20Texas&t=k,,,,,,,
MVBA_BELL_6922,MVBA,BELL,24DCV343917,22,https://mvbalaw.com/wp-content/TaxUploads/1126_Bell.pdf,November 2026,Pending,"$4,000.00",,"147 Buena Vista Dr and 149 Buena Vista Dr, Morgan's Point Resort, Texas",6922,"Lots 1 and 2, Block 37, Morgan's Point Resort City Subdivision, Section 15, City of Morgan's Point Resort, Bell County, Texas (Volume 1534, Pages 273 and 277, Deed Records, Bell County, Texas), 147 Buena Vista Dr and 149 Buena Vista Dr, Morgan's Point Resort, Texas;","Norman R. Bass, Jr",,,,,2026-10-09 00:32,https://www.zillow.com/homes/147%20Buena%20Vista%20Dr%20and%20149%20Buena%20Vista%20Dr%2C%20Morgan%27s%20Point%20Resort%2C%20Texas_rb/,,https://www.google.com/maps?q=147%20Buena%20Vista%20Dr%20and%20149%20Buena%20Vista%20Dr%2C%20Morgan%27s%20Point%20Resort%2C%20Texas&t=k,,,,,,,
MVBA_BELL_6920,MVBA,BELL,24DCV343917,23,https://mvbalaw.com/wp-content/TaxUploads/1126_Bell.pdf,November 2026,Pending,"$2,000.00",,"58 Jessamine Dr and 60 Jessamine Dr, Morgan's Point Resort, Texas",6920,"Lots 79 and 80, Block 2, Morgan's Point Resort City Subdivision, Section 10B, City of Morgan's Point Resort, Bell County, Texas (Volume 1534, Pages 251 and 271, Deed Records, Bell County, Texas), 58 Jessamine Dr and 60 Jessamine Dr, Morgan's Point Resort, Texas;","Norman R. Bass, Jr",,,,,2026-10-09 00:32,https://www.zillow.com/homes/58%20Jessamine%20Dr%20and%2060%20Jessamine%20Dr%2C%20Morgan%27s%20Point%20Resort%2C%20Texas_rb/,,https://www.google.com/maps?q=58%20Jessamine%20Dr%20and%2060%20Jessamine%20Dr%2C%20Morgan%27s%20Point%20Resort%2C%20Texas&t=k,,,,,,,
MVBA_BELL_94040,MVBA,BELL,24DCV344039,24,https://mvbalaw.com/wp-content/TaxUploads/1126_Bell.pdf,November 2026,Pending,"$25,000.00",,"3111 E Adams Ave, Temple, Texas",94040,"4.23 Acres, more or less, out of the M. Moreno Survey, Abstract 14, Bell County, Texas (Volume 897, Page 317 and 318, Deed Records, Bell County, Texas), 3111 E Adams Ave, Temple, Texas;",John B. Plaster,,,,,2026-10-09 00:32,https://www.zillow.com/homes/3111%20E%20Adams%20Ave%2C%20Temple%2C%20Texas_rb/,,https://www.google.com/maps?q=3111%20E%20Adams%20Ave%2C%20Temple%2C%20Texas&t=k,,,,,,,
MVBA_BELL_116548,MVBA,BELL,24DCV344043,25,https://mvbalaw.com/wp-content/TaxUploads/1126_Bell.pdf,November 2026,Pending,"$2,000.00",,"Telephone Rd, Morgan's Point Resort, Texas",116548,"Lot 7, Block 1, Morgan's Point Resort City Subdivision, Section 2, City of Morgan's Point Resort, Bell County, Texas (Volume 1295, Page 153, Deed Records, Bell County, Texas), Telephone Rd, Morgan's Point Resort, Texas;",Gerald D. Thompson,,,,,2026-10-09 00:32,https://www.zillow.com/homes/Telephone%20Rd%2C%20Morgan%27s%20Point%20Resort%2C%20Texas_rb/,,https://www.google.com/maps?q=Telephone%20Rd%2C%20Morgan%27s%20Point%20Resort%2C%20Texas&t=k,,,,,,,
MVBA_BELL_131397,MVBA,BELL,24DCV344066,26,https://mvbalaw.com/wp-content/TaxUploads/1126_Bell.pdf,November 2026,Pending,"$2,000.00",,"Retama Dr, Morgan's Point Resort, Texas",131397,"Lot 12, Block 2, Morgan's Point Resort City Subdivision, Section 18, City of Morgan's Point Resort, Bell County, Texas (Volume 1485, Page 55, Deed Record, Bell County, Texas), Retama Dr, Morgan's Point Resort, Texas;",Larry Howell,,,,,2026-10-09 00:32,https://www.zillow.com/homes/Retama%20Dr%2C%20Morgan%27s%20Point%20Resort%2C%20Texas_rb/,,https://www.google.com/maps?q=Retama%20Dr%2C%20Morgan%27s%20Point%20Resort%2C%20Texas&t=k,,,,,,,
MVBA_BELL_3386,MVBA,BELL,24DCV344079,27,https://mvbalaw.com/wp-content/TaxUploads/1126_Bell.pdf,November 2026,Pending,"$2,000.00",,"50 Buena Vista Dr, Morgan's Point Resort, Texas",3386,"Lot 2, Block 62, Morgan's Point Resort City Subdivision, Section 15, City of Morgan's Point Resort, Bell County, Texas (Volume 1628, Page 61, Deed Records, Bell County, Texas), 50 Buena Vista Dr, Morgan's Point Resort, Texas;",Robert Lee Armstrong,,,,,2026-10-09 00:32,https://www.zillow.com/homes/50%20Buena%20Vista%20Dr%2C%20Morgan%27s%20Point%20Resort%2C%20Texas_rb/,,https://www.google.com/maps?q=50%20Buena%20Vista%20Dr%2C%20Morgan%27s%20Point%20Resort%2C%20Texas&t=k,,,,,,,
MVBA_BELL_3385,MVBA,BELL,24DCV344079,28,https://mvbalaw.com/wp-content/TaxUploads/1126_Bell.pdf,November 2026,Pending,"$1,000.00",,"59 Bramble Bush Dr, Morgan's Point Resort, Texas",3385,"Lot 35, Block 2, Morgan's Point Resort City Subdivision, Section 10B, City of Morgan's Point Resort, Bell County, Texas (Volume 1628, Page 73, Deed Records, Bell County, Texas), 59 Bramble Bush Dr, Morgan's Point Resort, Texas;",Robert Lee Armstrong,,,,,2026-10-09 00:32,https://www.zillow.com/homes/59%20Bramble%20Bush%20Dr%2C%20Morgan%27s%20Point%20Resort%2C%20Texas_rb/,,https://www.google.com/maps?q=59%20Bramble%20Bush%20Dr%2C%20Morgan%27s%20Point%20Resort%2C%20Texas&t=k,,,,,,,
MVBA_BELL_47228,MVBA,BELL,24DCV344194,29,https://mvbalaw.com/wp-content/TaxUploads/1126_Bell.pdf,November 2026,Pending,"$1,500.00",,"20 E Birch St, Nolanville, Texas",47228,"Land Only, Lot 10, Block 16, Nolanville Plaza Undedicated Subdivision AKA 0.138 Acre, more or less, out of the David Oldham Survey, Abstract 642, City of Nolanville, Bell County, Texas (Document #2014-00037844, Official Public Records, Bell County, Texas), 20 E Birch St, Nolanville, Texas",Marcos Barcenas,,,,,2026-10-09 00:32,https://www.zillow.com/homes/20%20E%20Birch%20St%2C%20Nolanville%2C%20Texas_rb/,,https://www.google.com/maps?q=20%20E%20Birch%20St%2C%20Nolanville%2C%20Texas&t=k,,,,,,,
MVBA_BELL_73693,MVBA,BELL,24DCV344580,30,https://mvbalaw.com/wp-content/TaxUploads/1126_Bell.pdf,November 2026,Pending,"$4,000.00",,"43 Cliffside Dr, Morgan's Point Resort, Texas",73693,"Lot 9, Block 3, Morgan's Point Resort City Subdivision, Section 7, City of Morgan's Point Resort, Bell County, Texas (Volume 1555, Page 36, Deed Records, Bell County, Texas), 43 Cliffside Dr, Morgan's Point Resort, Texas;",Robert Paul Middleton,,,,,2026-10-09 00:32,https://www.zillow.com/homes/43%20Cliffside%20Dr%2C%20Morgan%27s%20Point%20Resort%2C%20Texas_rb/,,https://www.google.com/maps?q=43%20Cliffside%20Dr%2C%20Morgan%27s%20Point%20Resort%2C%20Texas&t=k,,,,,,,
MVBA_BELL_47329,MVBA,BELL,24DCV344678,31,https://mvbalaw.com/wp-content/TaxUploads/1126_Bell.pdf,November 2026,Pending,"$1,500.00",,"Briarwood Rd, Morgan's Point Resort, Texas",47329,"Lot 54, Block 1, Morgan's Point Resort City Subdivision, Section 2, City of Morgan's Point Resort, Bell County, Texas (Volume 1227, Page 605, Deed Records, Bell County, Texas), Briarwood Rd, Morgan's Point Resort, Texas;",Joe R. Hays,,,,,2026-10-09 00:32,https://www.zillow.com/homes/Briarwood%20Rd%2C%20Morgan%27s%20Point%20Resort%2C%20Texas_rb/,,https://www.google.com/maps?q=Briarwood%20Rd%2C%20Morgan%27s%20Point%20Resort%2C%20Texas&t=k,,,,,,,
MVBA_BELL_101555,MVBA,BELL,24DCV344684,32,https://mvbalaw.com/wp-content/TaxUploads/1126_Bell.pdf,November 2026,Pending,"$1,500.00",,"Lake Vista Dr, Morgan's Point Resort, Texas",101555,"Lot 16, Block 3, Morgan's Point Resort Subdivision, Section 14, City of Morgan's Point Resort, Bell County, Texas (Volume 1495, Page 235, Deed Records, Bell County, Texas), Lake Vista Dr, Morgan's Point Resort, Texas;",J. R. Rumbo,,,,,2026-10-09 00:32,https://www.zillow.com/homes/Lake%20Vista%20Dr%2C%20Morgan%27s%20Point%20Resort%2C%20Texas_rb/,,https://www.google.com/maps?q=Lake%20Vista%20Dr%2C%20Morgan%27s%20Point%20Resort%2C%20Texas&t=k,,,,,,,
MVBA_BELL_112437,MVBA,BELL,24DCV344844,33,https://mvbalaw.com/wp-content/TaxUploads/1126_Bell.pdf,November 2026,Pending,"$2,500.00",,"36 S Archer Dr, Morgan's Point Resort, Texas",112437,"Lot 25, Block 16, Morgan's Point Resort City Subdivision, Section 8A, City of Morgan's Point Resort, Bell County, Texas (Volume 6070, Page 443, Deed Records, Bell County, Texas), 36 S Archer Dr, Morgan's Point Resort, Texas;",Christian Janssen,,,,,2026-10-09 00:32,https://www.zillow.com/homes/36%20S%20Archer%20Dr%2C%20Morgan%27s%20Point%20Resort%2C%20Texas_rb/,,https://www.google.com/maps?q=36%20S%20Archer%20Dr%2C%20Morgan%27s%20Point%20Resort%2C%20Texas&t=k,,,,,,,
MVBA_BELL_30662,MVBA,BELL,24DCV345483,34,https://mvbalaw.com/wp-content/TaxUploads/1126_Bell.pdf,November 2026,Pending,"$2,000.00",,"126 County Road, Morgan's Point Resort, Texas",30662,"Lot 21 and 22, Block 11, Morgan's Point Resort City Subdivision, Section 5, City of Morgan's Point Resort, Bell County, Texas (Document #2006- 00057604, Official Public Records, Bell County, Texas), 126 County Road, Morgan's Point Resort, Texas;",Inocente Hernandez,,,,,2026-10-09 00:32,https://www.zillow.com/homes/126%20County%20Road%2C%20Morgan%27s%20Point%20Resort%2C%20Texas_rb/,,https://www.google.com/maps?q=126%20County%20Road%2C%20Morgan%27s%20Point%20Resort%2C%20Texas&t=k,,,,,,,
MVBA_BELL_22806,MVBA,BELL,24DCV345567,35,https://mvbalaw.com/wp-content/TaxUploads/1126_Bell.pdf,November 2026,Pending,"$1,500.00",,"151 Buena Vista Dr, Morgan's Point Resort, Texas",22806,"Lot 3, Block 37, Morgan's Point Resort City Subdivision, Section 15, City of Morgan's Point Resort, Bell County, Texas (Volume 1403, Page 587, Deed Records, Bell County, Texas), 151 Buena Vista Dr, Morgan's Point Resort, Texas;",Howard D. Cockrell,,,,,2026-10-09 00:32,https://www.zillow.com/homes/151%20Buena%20Vista%20Dr%2C%20Morgan%27s%20Point%20Resort%2C%20Texas_rb/,,https://www.google.com/maps?q=151%20Buena%20Vista%20Dr%2C%20Morgan%27s%20Point%20Resort%2C%20Texas&t=k,,,,,,,
MVBA_BELL_65969,MVBA,BELL,24DCV345743,36,https://mvbalaw.com/wp-content/TaxUploads/1126_Bell.pdf,November 2026,Pending,"$15,000.00",,"1111 S Beal St, Belton, Texas",65969,"The South 80 feet of the North 130 feet of Lot 3, Block 2, Wilson Addition, City of Belton, Bell County, Texas (Volume 1628, Page 587, Deed Records, and Document #2010-26734, of the Official Public Records, Bell County, Texas), 1111 S Beal St, Belton, Texas","Alberto Lopez, Jr",,,,,2026-10-09 00:32,https://www.zillow.com/homes/1111%20S%20Beal%20St%2C%20Belton%2C%20Texas_rb/,,https://www.google.com/maps?q=1111%20S%20Beal%20St%2C%20Belton%2C%20Texas&t=k,,,,,,,
MVBA_BELL_55038,MVBA,BELL,24DCV346359,37,https://mvbalaw.com/wp-content/TaxUploads/1126_Bell.pdf,November 2026,Pending,"$9,000.00",,"intersects the South boundary line of Shady Loop Road, which point is the northwest corner of Lot 85, and is also the nor",55038,"Legal Description of Lot 84, Sandy Acres, an unrecorded subdivision Beginning at a point where the West boundary line of Lot 85, Sandy Acres, said Lot 85 described as the “First Tract” in a deed recorded in Volume 1763, Page 897 of the Deed Records of Bell County, Texas, intersects the South boundar","CCS, Inc",,,,,2026-10-09 00:32,https://www.zillow.com/homes/intersects%20the%20South%20boundary%20line%20of%20Shady%20Loop%20Road%2C%20which%20point%20is%20the%20northwest%20corner%20of%20Lot%2085%2C%20and%20is%20also%20the%20nor_rb/,,https://www.google.com/maps?q=intersects%20the%20South%20boundary%20line%20of%20Shady%20Loop%20Road%2C%20which%20point%20is%20the%20northwest%20corner%20of%20Lot%2085%2C%20and%20is%20also%20the%20nor&t=k,,,,,,,
MVBA_BELL_114310,MVBA,BELL,24DCV346538,38,https://mvbalaw.com/wp-content/TaxUploads/1126_Bell.pdf,November 2026,Pending,"$10,000.00",,"810 E Ave D, Temple, Texas",114310,"The West one-half of Lot 2, Block E, A. F. Bentley's Addition, City of Temple, Bell County, Texas (Document #2008-00045855, Official Public Records, Bell County, Texas), 810 E Ave D, Temple, Texas","GMAC Mortgage, LLC",,,,,2026-10-09 00:32,https://www.zillow.com/homes/810%20E%20Ave%20D%2C%20Temple%2C%20Texas_rb/,,https://www.google.com/maps?q=810%20E%20Ave%20D%2C%20Temple%2C%20Texas&t=k,,,,,,,
MVBA_BELL_56015,MVBA,BELL,24DCV350002,39,https://mvbalaw.com/wp-content/TaxUploads/1126_Bell.pdf,November 2026,Pending,"$7,500.00",,"1408 E Adams Ave, Temple, Texas",56015,"0.465 Acre, mor or less, out of the M. Moreno Survey, Abstract 14, City of Temple, Bell County, Texas (Volume 5491, Page 751, Deed Records, Bell County, Texas), 1408 E Adams Ave, Temple, Texas",Margarito Rodriquez,,,,,2026-10-09 00:32,https://www.zillow.com/homes/1408%20E%20Adams%20Ave%2C%20Temple%2C%20Texas_rb/,,https://www.google.com/maps?q=1408%20E%20Adams%20Ave%2C%20Temple%2C%20Texas&t=k,,,,,,,
MVBA_BELL_879,MVBA,BELL,24DCV350548,40,https://mvbalaw.com/wp-content/TaxUploads/1126_Bell.pdf,November 2026,Pending,"$11,000.00",,"504 S 7th St, Temple, Texas",879,"North 100 feet of Lot 3, Block 50, Original Townsite City of Temple, Bell County, Texas (Volume 2441, Page 51, Deed Records, Bell County, Texas), 504 S 7th St, Temple, Texas;",Virginia McClennan Adams,,,,,2026-10-09 00:32,https://www.zillow.com/homes/504%20S%207th%20St%2C%20Temple%2C%20Texas_rb/,,https://www.google.com/maps?q=504%20S%207th%20St%2C%20Temple%2C%20Texas&t=k,,,,,,,
MVBA_BELL_223933,MVBA,BELL,24DCV350653,41,https://mvbalaw.com/wp-content/TaxUploads/1126_Bell.pdf,November 2026,Pending,"$19,500.00",,"6304 Pat Cole Rd, Temple, Texas",223933,"2.16 Acres, more or less, out of the west part of a 4.32-acre tract in the Nancy Chance Survey, Abstract 5, Bell County, Texas (Volume 1321, Page 517, Deed Records save and except that described in Document #202030114, Official Public Records, and also described as the west part of a 4.32-acre tract",Norma Bruton,,,,,2026-10-09 00:32,https://www.zillow.com/homes/6304%20Pat%20Cole%20Rd%2C%20Temple%2C%20Texas_rb/,,https://www.google.com/maps?q=6304%20Pat%20Cole%20Rd%2C%20Temple%2C%20Texas&t=k,,,,,,,
MVBA_BELL_234747,MVBA,BELL,24DCV350653,42,https://mvbalaw.com/wp-content/TaxUploads/1126_Bell.pdf,November 2026,Pending,"$5,000.00",,"Kiddieland Road, Temple, Texas",234747,"0.437 Acre, more or less, out of the Nancy Chance Survey, Abstract 5, Bell County, Texas (Volume 3627, Page 309, Deed Records and also described as “Tract Two” in a divorce decree in District Court Cause No. 164,983-D, Bell County, Texas), Kiddieland Road, Temple, Texas",Norma Bruton,,,,,2026-10-09 00:32,https://www.zillow.com/homes/Kiddieland%20Road%2C%20Temple%2C%20Texas_rb/,,https://www.google.com/maps?q=Kiddieland%20Road%2C%20Temple%2C%20Texas&t=k,,,,,,,
MVBA_BELL_50287,MVBA,BELL,25DCV351209,43,https://mvbalaw.com/wp-content/TaxUploads/1126_Bell.pdf,November 2026,Pending,"$2,000.00",,"3080 Ridge Point Ln, Belton, Texas",50287,"Lot 711, Sherwood Shores VII, Camelot Section, Bell County, Texas (Volume 1009, Page 298 and Volume 1006, Page 261, Deed Records, Bell County, Texas), 3080 Ridge Point Ln, Belton, Texas",Andrew Olmstead,,,,,2026-10-09 00:32,https://www.zillow.com/homes/3080%20Ridge%20Point%20Ln%2C%20Belton%2C%20Texas_rb/,,https://www.google.com/maps?q=3080%20Ridge%20Point%20Ln%2C%20Belton%2C%20Texas&t=k,,,,,,,
MVBA_BELL_2557,MVBA,BELL,25DCV351229,44,https://mvbalaw.com/wp-content/TaxUploads/1126_Bell.pdf,November 2026,Pending,"$6,000.00",,"6740 and 6736 Ivy Ridge Cir, Belton, Texas",2557,"Lots 25 and 26, Sherwood Shores VIII, Teer Terrace Section, Bell County, Texas (Document #2024013440, Official Public Records and Volume 1031, Page 681, Deed Records, Bell County, Texas), 6740 and 6736 Ivy Ridge Cir, Belton, Texas;",Andrew Olmstead,,,,,2026-10-09 00:32,https://www.zillow.com/homes/6740%20and%206736%20Ivy%20Ridge%20Cir%2C%20Belton%2C%20Texas_rb/,,https://www.google.com/maps?q=6740%20and%206736%20Ivy%20Ridge%20Cir%2C%20Belton%2C%20Texas&t=k,,,,,,,
MVBA_BELL_28979,MVBA,BELL,25DCV352035,45,https://mvbalaw.com/wp-content/TaxUploads/1126_Bell.pdf,November 2026,Pending,"$78,500.00",,Southerland Rd,28979,"Lots 18, 19 and 20, Block 3, Original Town of Pendleton, Bell County, Texas (Document #2017-00048824, Official Public Records, Bell County, Texas), Southerland Rd;",George Kaminski,,,,,2026-10-09 00:32,https://www.zillow.com/homes/Southerland%20Rd_rb/,,https://www.google.com/maps?q=Southerland%20Rd&t=k,,,,,,,
MVBA_BELL_47837,MVBA,BELL,25DCV352445,46,https://mvbalaw.com/wp-content/TaxUploads/1126_Bell.pdf,November 2026,Pending,"$2,000.00",,"4082 Sherwood Dr, Belton, Texas",47837,"Lot 318, Sherwood Shores VIII Hood, Bell County, Texas (Volume 1155, Page 344, Deed Records, Bell County, Texas), 4082 Sherwood Dr, Belton, Texas;","Richard L. Heiser, Sr",,,,,2026-10-09 00:32,https://www.zillow.com/homes/4082%20Sherwood%20Dr%2C%20Belton%2C%20Texas_rb/,,https://www.google.com/maps?q=4082%20Sherwood%20Dr%2C%20Belton%2C%20Texas&t=k,,,,,,,
MVBA_BELL_47836,MVBA,BELL,25DCV352445,47,https://mvbalaw.com/wp-content/TaxUploads/1126_Bell.pdf,November 2026,Pending,"$2,000.00",,"4078 Sherwood Dr, Belton, Texas",47836,"Lot 317, Sherwood Shores VIII Hood, Bell County, Texas (Volume 1155, Page 344, Deed Records, Bell County, Texas), 4078 Sherwood Dr, Belton, Texas;","Richard L. Heiser, Sr",,,,,2026-10-09 00:32,https://www.zillow.com/homes/4078%20Sherwood%20Dr%2C%20Belton%2C%20Texas_rb/,,https://www.google.com/maps?q=4078%20Sherwood%20Dr%2C%20Belton%2C%20Texas&t=k,,,,,,,
MVBA_BELL_60504,MVBA,BELL,25DCV352848,48,https://mvbalaw.com/wp-content/TaxUploads/1126_Bell.pdf,November 2026,Pending,"$10,500.00",,"507 Nolan Cir, Killeen, Texas",60504,"Lot 54 and 55, Block C, Castle Heights Addition, City of Killeen, Bell County, Texas (Document #2023023140, Official Public Records, Bell County, Texas), 507 Nolan Cir, Killeen, Texas;",Anita Howard,,,,,2026-10-09 00:32,https://www.zillow.com/homes/507%20Nolan%20Cir%2C%20Killeen%2C%20Texas_rb/,,https://www.google.com/maps?q=507%20Nolan%20Cir%2C%20Killeen%2C%20Texas&t=k,,,,,,,
MVBA_BELL_27972,MVBA,BELL,25DCV352899,49,https://mvbalaw.com/wp-content/TaxUploads/1126_Bell.pdf,November 2026,Pending,"$6,000.00",,"606 S 18th St, Temple, Texas",27972,"Lot 11, Block 6, Crestview Addition, City of Temple, Bell County, Texas (Volume 994, Page 506, Deed Records, Bell County, Texas), 606 S 18th St, Temple, Texas;",Letha Davis,,,,,2026-10-09 00:32,https://www.zillow.com/homes/606%20S%2018th%20St%2C%20Temple%2C%20Texas_rb/,,https://www.google.com/maps?q=606%20S%2018th%20St%2C%20Temple%2C%20Texas&t=k,,,,,,,
MVBA_BELL_330575,MVBA,BELL,25DCV354992,50,https://mvbalaw.com/wp-content/TaxUploads/1126_Bell.pdf,November 2026,Pending,"$2,000.00",,"7200 Clear Creek Rd #10, Killeen, Texas",330575,"A Manufactured Home only, 1985, 16 feet x 76 feet, Tan/Brown, Label #TEX0405602, Serial #TXFL2A21AG458606451, located in Space 10, Mountainview Mobile Home Park, City of Killeen, Bell County, Texas, 7200 Clear Creek Rd #10, Killeen, Texas;",David Hill,,,,,2026-10-09 00:32,https://www.zillow.com/homes/7200%20Clear%20Creek%20Rd%20%2310%2C%20Killeen%2C%20Texas_rb/,,https://www.google.com/maps?q=7200%20Clear%20Creek%20Rd%20%2310%2C%20Killeen%2C%20Texas&t=k,,,,,,,
MVBA_BELL_114834,MVBA,BELL,25DCV357260,51,https://mvbalaw.com/wp-content/TaxUploads/1126_Bell.pdf,November 2026,Pending,"$1,500.00",,"of Lot 1 and 2, Block 4, Park Heights, City of Temple, Bell County, Texas",114834,"Part (West 52.3 feet) of Lot 1 and 2, Block 4, Park Heights, City of Temple, Bell County, Texas (Document #2023008554, Official Public Records, Bell County, Texas), 1301 S 12th St, Temple, Texas","JR2K Properties, LLC",,,,,2026-10-09 00:32,https://www.zillow.com/homes/of%20Lot%201%20and%202%2C%20Block%204%2C%20Park%20Heights%2C%20City%20of%20Temple%2C%20Bell%20County%2C%20Texas_rb/,,https://www.google.com/maps?q=of%20Lot%201%20and%202%2C%20Block%204%2C%20Park%20Heights%2C%20City%20of%20Temple%2C%20Bell%20County%2C%20Texas&t=k,,,,,,,
MVBA_BELL_24883,MVBA,BELL,25DCV357498,52,https://mvbalaw.com/wp-content/TaxUploads/1126_Bell.pdf,November 2026,Pending,"$8,000.00",,"7525 McGregor Park Rd, Temple, Texas 76502-7169",24883,"0.224 Acre, more or less, out of the L. Moore Survey, Abstract 606, Bell County, Texas (Volume 966, Pages 108 and 109, Deed Records, Bell County, Texas), 7525 McGregor Park Rd, Temple, Texas 76502-7169",Roland L. Cota,,,,,2026-10-09 00:32,https://www.zillow.com/homes/7525%20McGregor%20Park%20Rd%2C%20Temple%2C%20Texas%2076502-7169_rb/,,https://www.google.com/maps?q=7525%20McGregor%20Park%20Rd%2C%20Temple%2C%20Texas%2076502-7169&t=k,,,,,,,
MVBA_BELL_47754,MVBA,BELL,25DCV358029,53,https://mvbalaw.com/wp-content/TaxUploads/1126_Bell.pdf,November 2026,Pending,"$7,000.00",,"Maxdale Rd, Killeen, Texas",47754,"5.174 Acres, more or less, out of the T. C. DeLano Survey, Abstract 263, Bell County, Texas (Document #2013-027648, Official Public Records, Bell County, Texas), Maxdale Rd, Killeen, Texas",Robert Adair,,,,,2026-10-09 00:32,https://www.zillow.com/homes/Maxdale%20Rd%2C%20Killeen%2C%20Texas_rb/,,https://www.google.com/maps?q=Maxdale%20Rd%2C%20Killeen%2C%20Texas&t=k,,,,,,,
MVBA_BELL_064822,MVBA,BELL,277355,54,https://mvbalaw.com/wp-content/TaxUploads/1126_Bell.pdf,November 2026,Pending,"$1,500.00",,"620 Raymond Street, Killeen, Texas 76541-6953",064822,"Lot 2, Block 1, Kidd Addition to the City of Killeen, Bell County, Texas (Volume 2404, Page 41 of the Deed Records, Bell County, Texas), 620 Raymond Street, Killeen, Texas 76541-6953",St. Clair Lewis,,,,,2026-10-09 00:32,https://www.zillow.com/homes/620%20Raymond%20Street%2C%20Killeen%2C%20Texas%2076541-6953_rb/,,https://www.google.com/maps?q=620%20Raymond%20Street%2C%20Killeen%2C%20Texas%2076541-6953&t=k,,,,,,,
MVBA_BELL_064823,MVBA,BELL,277355,55,https://mvbalaw.com/wp-content/TaxUploads/1126_Bell.pdf,November 2026,Pending,"$1,500.00",,"618 Raymond Street, Killeen, Texas 76541-6953",064823,"Lot 3, Block 1, Kidd Addition to the City of Killeen, Bell County, Texas (Volume 2258, Page 769 of the Deed Records, Bell County, Texas), 618 Raymond Street, Killeen, Texas 76541-6953",St. Clair Lewis,,,,,2026-10-09 00:32,https://www.zillow.com/homes/618%20Raymond%20Street%2C%20Killeen%2C%20Texas%2076541-6953_rb/,,https://www.google.com/maps?q=618%20Raymond%20Street%2C%20Killeen%2C%20Texas%2076541-6953&t=k,,,,,,,
MVBA_BELL_127753,MVBA,BELL,316611,56,https://mvbalaw.com/wp-content/TaxUploads/1126_Bell.pdf,November 2026,Pending,"$2,000.00",,"615 W 1st Ave, Belton, Texas 76513-2913",127753,"part of Lot 1, Block 108, Belton Original Townsite, City of Belton, Bell County, Texas (Volume 1648, Page 887, Deed Records, and Probate Cause No 20,427 and Probate Cause No 30,225, Bell County, Texas), 615 W 1st Ave, Belton, Texas 76513-2913;",Randy Ray Whitley,,,,,2026-10-09 00:32,https://www.zillow.com/homes/615%20W%201st%20Ave%2C%20Belton%2C%20Texas%2076513-2913_rb/,,https://www.google.com/maps?q=615%20W%201st%20Ave%2C%20Belton%2C%20Texas%2076513-2913&t=k,,,,,,,
MVBA_BELL_47224,MVBA,BELL,322109,57,https://mvbalaw.com/wp-content/TaxUploads/1126_Bell.pdf,November 2026,Pending,"$3,000.00",,"33 E Birch St, Nolanville, Texas 76559-9711",47224,"0.24 Acre, more or less, out of the David Oldham Survey, Abstract 642 AKA Lot 6, Block 16, Nolanville Plaza Undedicated Addition, City of Nolanville, Bell County, Texas (Volume 4137, Page 648, Deed Records, and Document #2015-00004576, Official Public Records, Bell County, Texas), 33 E Birch St, Nol",Michelle Miller,,,,,2026-10-09 00:32,https://www.zillow.com/homes/33%20E%20Birch%20St%2C%20Nolanville%2C%20Texas%2076559-9711_rb/,,https://www.google.com/maps?q=33%20E%20Birch%20St%2C%20Nolanville%2C%20Texas%2076559-9711&t=k,,,,,,,
MVBA_BELL_419775,MVBA,BELL,322109,58,https://mvbalaw.com/wp-content/TaxUploads/1126_Bell.pdf,November 2026,Pending,"$2,000.00",,,419775,"A manufactured Home Only, 1983, 24X60, Nolanville Plaza, Label # TXS0528347, Serial # GASCXMT0001, Grimes County, Texas (Document #2015004577 of the Official Public Records, Bell County, Texas)",Michelle Miller,,,,,2026-10-09 00:32,,,,,,,,,,
MVBA_BELL_72465,MVBA,BELL,324228,59,https://mvbalaw.com/wp-content/TaxUploads/1126_Bell.pdf,November 2026,Pending,"$12,000.00",,"3 N 19th St, Temple, Texas 76504-4102",72465,"Lot 5, Block 7, Freeman Heights Addition, City of Temple, Bell County, Texas (Volume 546, Page 171, Deed Records, Bell County, Texas), 3 N 19th St, Temple, Texas 76504-4102;",Sebastian Medrano,,,,,2026-10-09 00:32,https://www.zillow.com/homes/3%20N%2019th%20St%2C%20Temple%2C%20Texas%2076504-4102_rb/,,https://www.google.com/maps?q=3%20N%2019th%20St%2C%20Temple%2C%20Texas%2076504-4102&t=k,,,,,,,
MVBA_BELL_37034,MVBA,BELL,24DCV347725,60,https://mvbalaw.com/wp-content/TaxUploads/1126_Bell.pdf,November 2026,Pending,$500.00,,"FM 1123, Holland, Texas",37034,"Lot 7, Block 1, Culp Addition, City of Holland, Bell County, Texas (Volume 216, Page 435, Deed Records, Bell County, Texas), FM 1123, Holland, Texas;",T. J. Forgey,,,,,2026-10-09 00:32,https://www.zillow.com/homes/FM%201123%2C%20Holland%2C%20Texas_rb/,,https://www.google.com/maps?q=FM%201123%2C%20Holland%2C%20Texas&t=k,,,,,,,
MVBA_BELL_51735,MVBA,BELL,24DCV347725,61,https://mvbalaw.com/wp-content/TaxUploads/1126_Bell.pdf,November 2026,Pending,$600.00,,"FM 1123, Holland, Texas",51735,"Lot 1 and 2, Block 1, Culp Addition, City of Holland, Bell County, Texas (Volume 207, Page 391, Deed Records, Bell County, Texas), FM 1123, Holland, Texas;",T. J. Forgey,,,,,2026-10-09 00:32,https://www.zillow.com/homes/FM%201123%2C%20Holland%2C%20Texas_rb/,,https://www.google.com/maps?q=FM%201123%2C%20Holland%2C%20Texas&t=k,,,,,,,
MVBA_VALVERDE_33464,MVBA,VALVERDE,2020-0191-CIV,1,https://mvbalaw.com/wp-content/TaxUploads/1126_ValVerde.pdf,November 2026,Pending,"$11,569.11",,"Judge Bean Trail, Val Verde County, Texas",33464,"5.09 Acres, more or less, being Lot 6, Block 1, Castle Canyon Estates Subdivision, Val Verde County, Texas (Volume 5, Slide 47, of the Map and Plat Records of Val Verde County, Texas), Judge Bean Trail, Val Verde County, Texas",Barry Watson,,,,,2026-10-09 00:33,https://www.zillow.com/homes/Judge%20Bean%20Trail%2C%20Val%20Verde%20County%2C%20Texas_rb/,,https://www.google.com/maps?q=Judge%20Bean%20Trail%2C%20Val%20Verde%20County%2C%20Texas&t=k,,,,,,,
MVBA_VALVERDE_33466,MVBA,VALVERDE,2020-0191-CIV,2,https://mvbalaw.com/wp-content/TaxUploads/1126_ValVerde.pdf,November 2026,Pending,"$11,553.71",,"Judge Bean Trail, Val Verde County, Texas",33466,"5.07 Acres, more or less, being Lot 8, Block 1, Castle Canyon Estates Subdivision, Val Verde County, Texas (Volume 5, Slide 47, of the Map and Plat Records of Val Verde County, Texas), Judge Bean Trail, Val Verde County, Texas",Barry Watson,,,,,2026-10-09 00:33,https://www.zillow.com/homes/Judge%20Bean%20Trail%2C%20Val%20Verde%20County%2C%20Texas_rb/,,https://www.google.com/maps?q=Judge%20Bean%20Trail%2C%20Val%20Verde%20County%2C%20Texas&t=k,,,,,,,
MVBA_VALVERDE_33467,MVBA,VALVERDE,2020-0191-CIV,3,https://mvbalaw.com/wp-content/TaxUploads/1126_ValVerde.pdf,November 2026,Pending,"$11,561.38",,,33467,"5.08 Acres, more or less, being Lot 9, Block 1, Castle Canyon Estates Subdivision, Val Verde County, Texas (Volume 5, Slide 47, of the Map and Plat Records of Val Verde County, Texas)",Barry Watson,,,,,2026-10-09 00:33,,,,,,,,,,
MVBA_VALVERDE_33476,MVBA,VALVERDE,2020-0191-CIV,4,https://mvbalaw.com/wp-content/TaxUploads/1126_ValVerde.pdf,November 2026,Pending,"$11,523.08",,,33476,"5.03 Acres, more or less, being Lot 18, Block 1, Castle Canyon Estates Subdivision, Val Verde County, Texas (Volume 5, Slide 47, of the Map and Plat Records of Val Verde County, Texas)",Barry Watson,,,,,2026-10-09 00:33,,,,,,,,,,
MVBA_VALVERDE_33478,MVBA,VALVERDE,2020-0191-CIV,5,https://mvbalaw.com/wp-content/TaxUploads/1126_ValVerde.pdf,November 2026,Pending,"$11,589.17",,,33478,"8.71 Acres, more or less, being Lot 20, Block 1, Castle Canyon Estates Subdivision, Val Verde County, Texas (Volume 5, Slide 47, of the Map and Plat Records of Val Verde County, Texas)",Barry Watson,,,,,2026-10-09 00:33,,,,,,,,,,
MVBA_VALVERDE_33481,MVBA,VALVERDE,2020-0191-CIV,6,https://mvbalaw.com/wp-content/TaxUploads/1126_ValVerde.pdf,November 2026,Pending,"$11,776.50",,,33481,"5.36 Acres, more or less, being Lot 23, Block 1, Castle Canyon Estates Subdivision, Val Verde County, Texas (Volume 5, Slide 47, of the Map and Plat Records of Val Verde County, Texas)",Barry Watson,,,,,2026-10-09 00:33,,,,,,,,,,
MVBA_VALVERDE_33484,MVBA,VALVERDE,2020-0191-CIV,7,https://mvbalaw.com/wp-content/TaxUploads/1126_ValVerde.pdf,November 2026,Pending,"$11,615.15",,,33484,"5.15 Acres, more or less, being Lot 27, Block 1, Castle Canyon Estates Subdivision, Val Verde County, Texas (Volume 5, Slide 47, of the Map and Plat Records of Val Verde County, Texas)",Barry Watson,,,,,2026-10-09 00:33,,,,,,,,,,
MVBA_VALVERDE_33487,MVBA,VALVERDE,2020-0191-CIV,8,https://mvbalaw.com/wp-content/TaxUploads/1126_ValVerde.pdf,November 2026,Pending,"$11,500.17",,,33487,"5.00 Acres, more or less, being Lot 30, Block 1, Castle Canyon Estates Subdivision, Val Verde County, Texas (Volume 5, Slide 47, of the Map and Plat Records of Val Verde County, Texas)",Barry Watson,,,,,2026-10-09 00:33,,,,,,,,,,
MVBA_VALVERDE_33488,MVBA,VALVERDE,2020-0191-CIV,9,https://mvbalaw.com/wp-content/TaxUploads/1126_ValVerde.pdf,November 2026,Pending,"$11,998.59",,,33488,"5.73 Acres, more or less, being Lot 31, Block 1, Castle Canyon Estates Subdivision, Val Verde County, Texas (Volume 5, Slide 47, of the Map and Plat Records of Val Verde County, Texas)",Barry Watson,,,,,2026-10-09 00:33,,,,,,,,,,
MVBA_VALVERDE_33489,MVBA,VALVERDE,2020-0191-CIV,10,https://mvbalaw.com/wp-content/TaxUploads/1126_ValVerde.pdf,November 2026,Pending,"$11,615.15",,,33489,"5.15 Acres, more or less, being Lot 32, Block 1, Castle Canyon Estates Subdivision, Val Verde County, Texas (Volume 5, Slide 47, of the Map and Plat Records of Val Verde County, Texas)",Barry Watson,,,,,2026-10-09 00:33,,,,,,,,,,
MVBA_VALVERDE_33490,MVBA,VALVERDE,2020-0191-CIV,11,https://mvbalaw.com/wp-content/TaxUploads/1126_ValVerde.pdf,November 2026,Pending,"$11,561.38",,,33490,"5.08 Acres, more or less, being Lot 33, Block 1, Castle Canyon Estates Subdivision, Val Verde County, Texas (Volume 5, Slide 47, of the Map and Plat Records of Val Verde County, Texas)",Barry Watson,,,,,2026-10-09 00:33,,,,,,,,,,
MVBA_VALVERDE_33513,MVBA,VALVERDE,2020-0191-CIV,12,https://mvbalaw.com/wp-content/TaxUploads/1126_ValVerde.pdf,November 2026,Pending,"$13,007.70",,,33513,"5.18 Acres, more or less, being Lot 18, Block 2, Castle Canyon Estates Subdivision, Val Verde County, Texas (Volume 5, Slide 49, of the Map and Plat Records of Val Verde County, Texas)",Barry Watson,,,,,2026-10-09 00:33,,,,,,,,,,
MVBA_VALVERDE_33514,MVBA,VALVERDE,2020-0191-CIV,13,https://mvbalaw.com/wp-content/TaxUploads/1126_ValVerde.pdf,November 2026,Pending,"$12,779.49",,,33514,"5.09 Acres, more or less, being Lot 19, Block 2, Castle Canyon Estates Subdivision, Val Verde County, Texas (Volume 5, Slide 49, of the Map and Plat Records of Val Verde County, Texas)",Barry Watson,,,,,2026-10-09 00:33,,,,,,,,,,
MVBA_VALVERDE_33517,MVBA,VALVERDE,2020-0191-CIV,14,https://mvbalaw.com/wp-content/TaxUploads/1126_ValVerde.pdf,November 2026,Pending,"$12,761.30",,,33517,"5.26 Acres, more or less, being Lot 22, Block 2, Castle Canyon Estates Subdivision, Val Verde County, Texas (Volume 5, Slide 49, of the Map and Plat Records of Val Verde County, Texas)",Barry Watson,,,,,2026-10-09 00:33,,,,,,,,,,
MVBA_VALVERDE_33518,MVBA,VALVERDE,2020-0191-CIV,15,https://mvbalaw.com/wp-content/TaxUploads/1126_ValVerde.pdf,November 2026,Pending,"$12,576.85",,,33518,"5.02 Acres, more or less, being Lot 23, Block 2, Castle Canyon Estates Subdivision, Val Verde County, Texas (Volume 5, Slide 49, of the Map and Plat Records of Val Verde County, Texas)",Barry Watson,,,,,2026-10-09 00:33,,,,,,,,,,
MVBA_VALVERDE_33519,MVBA,VALVERDE,2020-0191-CIV,16,https://mvbalaw.com/wp-content/TaxUploads/1126_ValVerde.pdf,November 2026,Pending,"$12,561.76",,,33519,"5.00 Acres, more or less, being Lot 24, Block 2, Castle Canyon Estates Subdivision, Val Verde County, Texas (Volume 5, Slide 49, of the Map and Plat Records of Val Verde County, Texas)",Barry Watson,,,,,2026-10-09 00:33,,,,,,,,,,
MVBA_VALVERDE_33520,MVBA,VALVERDE,2020-0191-CIV,17,https://mvbalaw.com/wp-content/TaxUploads/1126_ValVerde.pdf,November 2026,Pending,"$12,592.18",,,33520,"5.04 Acres, more or less, being Lot 25, Block 2, Castle Canyon Estates Subdivision, Val Verde County, Texas (Volume 5, Slide 49, of the Map and Plat Records of Val Verde County, Texas)",Barry Watson,,,,,2026-10-09 00:33,,,,,,,,,,
MVBA_VALVERDE_33521,MVBA,VALVERDE,2020-0191-CIV,18,https://mvbalaw.com/wp-content/TaxUploads/1126_ValVerde.pdf,November 2026,Pending,"$12,699.78",,,33521,"5.18 Acres, more or less, being Lot 26, Block 2, Castle Canyon Estates Subdivision, Val Verde County, Texas (Volume 5, Slide 49, of the Map and Plat Records of Val Verde County, Texas)",Barry Watson,,,,,2026-10-09 00:33,,,,,,,,,,
MVBA_VALVERDE_33524,MVBA,VALVERDE,2020-0191-CIV,19,https://mvbalaw.com/wp-content/TaxUploads/1126_ValVerde.pdf,November 2026,Pending,"$14,911.57",,,33524,"5.06 Acres, more or less, being Lot 29 , Block 2, Castle Canyon Estates Subdivision, Val Verde County, Texas (Volume 5, Slide 49, of the Map and Plat Records of Val Verde County, Texas)",Barry Watson,,,,,2026-10-09 00:33,,,,,,,,,,
MVBA_VALVERDE_33540,MVBA,VALVERDE,2020-0191-CIV,20,https://mvbalaw.com/wp-content/TaxUploads/1126_ValVerde.pdf,November 2026,Pending,"$12,576.85",,,33540,"5.02 Acres, more or less, being Lot 44, Block 2, Castle Canyon Estates Subdivision, Val Verde County, Texas (Volume 5, Slide 49, of the Map and Plat Records of Val Verde County, Texas)",Barry Watson,,,,,2026-10-09 00:33,,,,,,,,,,
MVBA_VALVERDE_33541,MVBA,VALVERDE,2020-0191-CIV,21,https://mvbalaw.com/wp-content/TaxUploads/1126_ValVerde.pdf,November 2026,Pending,"$16,473.28",,,33541,"5.60 Acres, more or less, being Lot 45, Block 2, Castle Canyon Estates Subdivision, Val Verde County, Texas (Volume 5, Slide 49, of the Map and Plat Records of Val Verde County, Texas)",Barry Watson,,,,,2026-10-09 00:33,,,,,,,,,,
MVBA_VALVERDE_33542,MVBA,VALVERDE,2020-0191-CIV,22,https://mvbalaw.com/wp-content/TaxUploads/1126_ValVerde.pdf,November 2026,Pending,"$10,695.00",,,33542,"7.13 Acres, more or less, being Lot 46, Block 2, Castle Canyon Estates Subdivision, Val Verde County, Texas (Volume 5, Slide 49, of the Map and Plat Records of Val Verde County, Texas)",Barry Watson,,,,,2026-10-09 00:33,,,,,,,,,,
MVBA_VALVERDE_33543,MVBA,VALVERDE,2020-0191-CIV,23,https://mvbalaw.com/wp-content/TaxUploads/1126_ValVerde.pdf,November 2026,Pending,"$12,906.42",,,33543,"5.38 Acres, more or less, being Lot 47, Block 2, Castle Canyon Estates Subdivision, Val Verde County, Texas (Volume 5, Slide 49, of the Map and Plat Records of Val Verde County, Texas)",Barry Watson,,,,,2026-10-09 00:33,,,,,,,,,,
MVBA_VALVERDE_33544,MVBA,VALVERDE,2020-0191-CIV,24,https://mvbalaw.com/wp-content/TaxUploads/1126_ValVerde.pdf,November 2026,Pending,"$13,259.71",,,33544,"5.84 Acres, more or less, being Lot 48, Block 2, Castle Canyon Estates Subdivision, Val Verde County, Texas (Volume 5, Slide 49, of the Map and Plat Records of Val Verde County, Texas)",Barry Watson,,,,,2026-10-09 00:33,,,,,,,,,,
MVBA_VALVERDE_33545,MVBA,VALVERDE,2020-0191-CIV,25,https://mvbalaw.com/wp-content/TaxUploads/1126_ValVerde.pdf,November 2026,Pending,"$12,983.20",,,33545,"5.48 Acres, more or less, being Lot 49, Block 2, Castle Canyon Estates Subdivision, Val Verde County, Texas (Volume 5, Slide 49, of the Map and Plat Records of Val Verde County, Texas)",Barry Watson,,,,,2026-10-09 00:33,,,,,,,,,,
MVBA_VALVERDE_33546,MVBA,VALVERDE,2020-0191-CIV,26,https://mvbalaw.com/wp-content/TaxUploads/1126_ValVerde.pdf,November 2026,Pending,"$14,505.00",,,33546,"9.67 Acres, more or less, being Lot 50, Block 2, Castle Canyon Estates Subdivision, Val Verde County, Texas (Volume 5, Slide 49, of the Map and Plat Records of Val Verde County, Texas)",Barry Watson,,,,,2026-10-09 00:33,,,,,,,,,,
MVBA_VALVERDE_33547,MVBA,VALVERDE,2020-0191-CIV,27,https://mvbalaw.com/wp-content/TaxUploads/1126_ValVerde.pdf,November 2026,Pending,"$9,000.00",,,33547,"6.00 Acres, more or less, being Lot 51, Block 2, Castle Canyon Estates Subdivision, Val Verde County, Texas (Volume 5, Slide 49, of the Map and Plat Records of Val Verde County, Texas)",Barry Watson,,,,,2026-10-09 00:33,,,,,,,,,,
MVBA_VALVERDE_33548,MVBA,VALVERDE,2020-0191-CIV,28,https://mvbalaw.com/wp-content/TaxUploads/1126_ValVerde.pdf,November 2026,Pending,"$12,006.87",,,33548,"15.94 Acres, more or less, being Lot Parcels, Block 2, Castle Canyon Estates Subdivision, Val Verde County, Texas (Volume 5, Slide 49, of the Map and Plat Records of Val Verde County, Texas)",Barry Watson,,,,,2026-10-09 00:33,,,,,,,,,,
